date,pv
2019-10-15,9976.02292930893
2019-10-16,9984.448097409517
2019-10-17,10039.730728329927
2019-10-18,10066.693464459688
2019-10-21,10181.04662913254
2019-10-22,10221.656974972993
2019-10-23,10276.006876172334
2019-10-24,10500.129980267793
2019-10-25,10536.102811993867
2019-10-28,10607.845222653657
2019-10-29,10552.416287093316
2019-10-30,10623.32218823519
2019-10-31,10540.213702059653
2019-11-01,10571.641486645834
2019-11-04,10766.708320990507
2019-11-05,10756.250934973661
2019-11-06,10724.01424445242
2019-11-07,10772.580170050565
2019-11-08,10785.38249243826
2019-11-11,10758.340122918407
2019-11-12,10831.61655495576
2019-11-13,10770.462006310741
2019-11-14,10718.518325188457
2019-11-15,10607.836497643291
2019-11-18,10550.035811760723
2019-11-19,10568.526645043194
2019-11-20,10488.575847008526
2019-11-21,10446.566279747783
2019-11-22,10474.388518669903
2019-11-25,10575.001329135906
2019-11-26,10560.413377371951
2019-11-27,10607.061276999637
2019-11-28,10569.437369540006
2019-11-29,10578.926692254277
2019-12-02,10541.360419518682
2019-12-03,10507.363608605596
2019-12-04,10568.1843330929
2019-12-05,10563.08794986376
2019-12-06,10628.644838444083
2019-12-09,10610.617966691912
2019-12-10,10607.439016368558
2019-12-11,10606.32850220085
2019-12-12,10560.424994189909
2019-12-13,10614.254767139128
2019-12-16,10781.360449512174
2019-12-17,10769.506109912565
2019-12-18,10778.264563281706
2019-12-19,10900.256231982878
2019-12-20,11082.89755565994
2019-12-23,11091.521884273221
2019-12-27,11080.36908275955
2019-12-30,11004.108859800557
2020-01-02,11139.080234312276
2020-01-03,11148.3987004988
2020-01-07,11411.328227781516
2020-01-08,11495.262592100362
2020-01-09,11691.493518614036
2020-01-10,11935.465633177022
2020-01-13,12033.540279173116
2020-01-14,12058.56355645583
2020-01-15,12246.013187193135
2020-01-16,12493.736041807391
2020-01-17,12586.449207090594
2020-01-20,12741.002376341085
2020-01-21,12713.635812854605
2020-01-22,12786.026994800406
2020-01-23,12505.089449024039
2020-01-24,12644.143709277945
2020-01-27,12273.847978687125
2020-01-28,12243.944604968863
2020-01-29,12271.514665698844
2020-01-30,12839.263193225699
2020-01-31,13292.766222095328
2020-02-03,13408.0691319464
2020-02-04,13593.286951160268
2020-02-05,13734.959489917594
2020-02-06,13707.813196277457
2020-02-07,13448.646585559683
2020-02-10,13620.716173267203
2020-02-11,13959.270921802357
2020-02-12,14094.576135730582
2020-02-13,14098.251344775992
2020-02-14,14319.878809070427
2020-02-17,14318.322305774529
2020-02-18,14059.634380635596
2020-02-19,14187.2264521688
2020-02-20,14181.67573958335
2020-02-21,14186.23985701499
2020-02-24,13680.797514577276
2020-02-25,13443.02248253382
2020-02-26,13520.534575124151
2020-02-27,12961.385359425909
2020-02-28,12338.12174095667
2020-03-02,12519.314146657354
2020-03-03,12792.357855458624
2020-03-04,13083.438086171514
2020-03-05,13101.747442860968
2020-03-06,12693.415960927374
2020-03-09,12251.615919728643
2020-03-10,12113.641630788214
2020-03-11,11915.876440663702
2020-03-12,10665.775404591925
2020-03-13,10599.625841756231
2020-03-16,10319.962511678106
2020-03-17,10728.723703999884
2020-03-18,10578.209295888311
2020-03-19,11148.69164909876
2020-03-20,11170.906923909552
2020-03-23,10483.460569997198
2020-03-24,11323.260397572882
2020-03-25,11722.180723805792
2020-03-26,12009.49236168421
2020-03-27,11582.716810841925
2020-03-30,12026.817259450323
2020-03-31,12245.027472157843
2020-04-01,11993.236090321905
2020-04-02,11946.559569020636
2020-04-03,12174.772337575323
2020-04-06,12769.463751454718
2020-04-07,12731.053251881964
2020-04-08,12925.620421071417
2020-04-09,12976.401495595343
2020-04-14,13982.953413625128
2020-04-15,13684.991835255987
2020-04-16,13792.022856374151
2020-04-17,14090.359075523224
2020-04-20,14312.119539237823
2020-04-21,13898.670803047027
2020-04-22,14050.513689032307
2020-04-23,14182.965221396198
2020-04-24,14062.63487624239
2020-04-27,14329.877193442097
2020-04-28,14627.360137930622
2020-04-29,14853.262392035236
2020-04-30,14793.584688177814
2020-05-04,14090.400976172199
2020-05-05,14532.397157660236
2020-05-06,14427.855494396825
2020-05-07,14424.216587917943
2020-05-08,14757.277018444676
2020-05-11,14772.369370358128
2020-05-12,14826.88258168057
2020-05-13,14548.312103241238
2020-05-14,14628.223955124173
2020-05-15,14773.653280227933
2020-05-18,15350.842697113309
2020-05-19,15564.364319285816
2020-05-20,15534.151958903736
2020-05-22,15375.696443150524
2020-05-25,15761.25394017506
2020-05-26,16078.841723988537
2020-05-27,16055.298530171398
2020-05-28,16280.954438149227
2020-05-29,16332.394155813603
2020-06-01,16428.484970404057
2020-06-02,16628.862530065922
2020-06-03,17051.401434368472
2020-06-04,17047.740417701312
2020-06-05,17077.744241710785
2020-06-08,16755.959147268855
2020-06-09,16623.543078238094
2020-06-10,16638.864222342097
2020-06-11,16123.526285940728
2020-06-12,16162.643580252252
2020-06-15,16177.359609015679
2020-06-16,16713.956479438042
2020-06-17,16937.655705817437
2020-06-18,16895.95298866633
2020-06-22,16853.754228260914
2020-06-23,17079.883813527027
2020-06-24,16624.959176686207
2020-06-25,16820.59212270061
2020-06-26,16940.34456792156
2020-06-29,16962.4817863969
2020-06-30,16945.829921311622
2020-07-01,17002.924001703846
2020-07-02,17296.230096827137
2020-07-03,17168.160409368247
2020-07-06,17584.072398580283
2020-07-07,17722.246014028897
2020-07-08,17553.004259497036
2020-07-09,17451.04528275143
2020-07-10,17518.353294760098
2020-07-13,17873.99923363339
2020-07-14,17809.146423727383
2020-07-15,18082.93867710736
2020-07-16,17983.10003765742
2020-07-17,18029.546177946726
2020-07-20,18181.348362842375
2020-07-21,17816.002792736574
2020-07-22,17860.558624501195
2020-07-23,17871.585018391575
2020-07-24,17552.504905453403
2020-07-27,17712.87463735648
2020-07-28,17463.813764324863
2020-07-29,17570.354999294956
2020-07-30,17184.56687848557
2020-07-31,17057.554457892405
2020-08-03,17534.35204051875
2020-08-04,17321.323049810264
2020-08-05,17419.857352390885
2020-08-06,17427.85996736586
2020-08-07,17395.976857319474
2020-08-10,17459.22919293303
2020-08-11,17873.778180151716
2020-08-12,17910.40000733193
2020-08-13,17911.17213257607
2020-08-14,17529.191057289205
2020-08-17,17738.17246636208
2020-08-18,17548.761299217305
2020-08-19,17684.482132042012
2020-08-20,17465.969671333394
2020-08-21,17432.386602485738
2020-08-24,17748.848882759175
2020-08-25,17747.66098412331
2020-08-26,17939.21452912148
2020-08-27,17986.823131645284
2020-08-28,17836.707857215963
2020-08-31,17737.577520454488
2020-09-01,17827.721111381612
2020-09-02,17945.86485405337
2020-09-03,17684.664311603417
2020-09-04,17821.86284532876
2020-09-07,18151.8103322062
2020-09-08,18034.611943152857
2020-09-09,18412.698048499537
2020-09-10,18249.44766512246
2020-09-11,18148.39362039895
2020-09-14,18133.366825965357
2020-09-15,18173.334755805445
2020-09-16,18387.03821077676
2020-09-17,18293.205319312525
2020-09-18,18108.252318290186
2020-09-21,17494.555806067896
2020-09-22,17581.373175528955
2020-09-23,17705.302725699854
2020-09-24,17501.745259186606
2020-09-25,17425.963520905356
2020-09-28,17952.705876252036
2020-09-29,17979.505898005766
2020-09-30,17972.705425746244
2020-10-01,18006.462898738188
2020-10-02,17926.447071703198
2020-10-05,18210.325215013745
2020-10-06,18232.81951392976
2020-10-07,18445.971060408032
2020-10-08,18580.215632093823
2020-10-09,18890.873552931225
2020-10-12,18952.80098594514
2020-10-13,18614.15822852937
2020-10-14,18557.419870985424
2020-10-15,18299.903635633862
2020-10-16,18443.926081312573
2020-10-19,18513.066023481762
2020-10-20,18563.450922621167
2020-10-21,18836.020787930458
2020-10-22,18752.835121610064
2020-10-23,18976.128771283526
2020-10-26,18426.39266059627
2020-10-27,18682.53307388057
2020-10-28,18048.72927901973
2020-10-29,17972.06322143306
2020-10-30,17987.715660550493
2020-11-02,18292.70601318111
2020-11-03,18644.55087898006
2020-11-04,18995.315449216265
2020-11-05,19170.093434379363
2020-11-06,19174.035399482513
2020-11-09,19436.089194343353
2020-11-10,19330.053597284386
2020-11-11,19573.155790789395
2020-11-12,19427.086555941372
2020-11-13,19454.836338089768
2020-11-16,19686.091918991868
2020-11-17,19592.566410111252
2020-11-18,19543.109977768723
2020-11-19,19377.41753564188
2020-11-20,19534.439712693784
2020-11-23,19531.272468736264
2020-11-24,19890.775524308774
2020-11-25,19858.91212732801
2020-11-26,19795.022591795885
2020-11-27,20185.982327666246
2020-11-30,20274.133387786143
2020-12-01,20375.374564783975
2020-12-02,20387.545543330118
2020-12-03,20476.562389033243
2020-12-04,20418.584415095254
2020-12-07,20240.57504619877
2020-12-08,20474.03443493168
2020-12-09,20669.19395031254
2020-12-10,20644.315646784707
2020-12-11,20668.88344539921
2020-12-14,20941.697608607217
2020-12-15,20995.516051905557
2020-12-16,20768.913003981397
2020-12-17,20683.99695783882
2020-12-18,20639.52361494331
2020-12-21,20174.872825682447
2020-12-22,20307.723539412305
2020-12-23,20496.17362982063
2020-12-28,20888.59570236449
2020-12-29,20910.802642061757
2020-12-30,20847.69015426879
2021-01-04,20909.368106081532
2021-01-05,21056.764365389394
2021-01-07,21509.52645035033
2021-01-08,21593.0239116693
2021-01-11,21526.627967073964
2021-01-12,21888.283906176137
2021-01-13,21853.397788240956
2021-01-14,22110.190064623403
2021-01-15,21750.94913406615
2021-01-18,21943.974417879628
2021-01-19,21854.042487337636
2021-01-20,22094.63800354247
2021-01-21,22363.763837053822
2021-01-22,22203.672497942494
2021-01-25,22140.70428581481
2021-01-26,22171.01490135436
2021-01-27,21734.655741672166
2021-01-28,21680.184486239516
2021-01-29,21396.058060736093
2021-02-01,21883.49606809083
2021-02-02,22125.02835187379
2021-02-03,22379.728009964074
2021-02-04,22543.468069014023
2021-02-05,22550.19110673375
2021-02-08,22755.034013685654
2021-02-09,22697.951116499375
2021-02-10,22971.037122663925
2021-02-11,23300.256288951517
2021-02-12,23578.839005870715
2021-02-15,23785.67769514331
2021-02-16,23853.448902952758
2021-02-17,23769.869887220946
2021-02-18,23653.795390895797
2021-02-19,24067.49425487895
2021-02-22,24382.760069745607
2021-02-23,24085.55438889844
2021-02-24,24101.280062573976
2021-02-25,24144.121540921755
2021-02-26,23689.510022687675
2021-03-01,24216.25613551116
2021-03-02,24608.23401861911
2021-03-03,24555.75402670627
2021-03-04,24163.960782490587
2021-03-05,23709.914870701647
2021-03-08,24059.218150578356
2021-03-09,24557.035604379358
2021-03-10,24511.82826336919
2021-03-11,25185.848657317372
2021-03-12,25112.532006926747
2021-03-15,25220.554265685292
2021-03-16,25615.20245713732
2021-03-17,25473.114909578107
2021-03-18,25664.719418931745
2021-03-19,25880.187570024274
2021-03-22,25939.67722265794
2021-03-23,26073.178710389875
2021-03-24,26262.245870042585
2021-03-25,26283.228710147334
2021-03-26,26635.87569247988
2021-03-29,26330.229723804467
2021-03-30,26552.707454634467
2021-03-31,26647.150478316107
2021-04-01,26719.279430342474
2021-04-06,27117.670177412787
2021-04-07,27244.84730906562
2021-04-08,27429.734287215033
2021-04-09,27534.305075592434
2021-04-12,27459.65798086587
2021-04-13,27921.73445028726
2021-04-14,27765.280537804592
2021-04-15,27810.57318223934
2021-04-16,28369.555703296468
2021-04-19,28146.330765857503
2021-04-20,27602.96006883602
2021-04-21,27793.413926257894
2021-04-22,27840.98057664852
2021-04-23,27891.930344714925
2021-04-26,27906.940935317685
2021-04-27,27658.65370598629
2021-04-28,27350.625298928077
2021-04-29,27357.177934120948
2021-04-30,26845.170795519607
2021-05-03,27018.66808708455
2021-05-04,26677.50410746533
2021-05-05,27317.592814435546
2021-05-06,27304.48285960156
2021-05-07,27584.945284833495
2021-05-10,27788.95122050244
2021-05-11,27424.201090802733
2021-05-12,27807.90674393994
2021-05-14,27829.97740739209
2021-05-17,27669.96042869458
2021-05-18,27672.632532800293
2021-05-19,26924.402796472168
2021-05-20,27482.52660628662
2021-05-21,27671.643145288086
2021-05-24,27733.717232717132
2021-05-25,27794.368706716155
2021-05-26,27557.838471425628
2021-05-27,27777.61807557434
2021-05-28,27967.644549573364
2021-05-31,27847.128939832153
2021-06-01,28054.147280896606
2021-06-02,28078.405726636352
2021-06-03,28138.521197522583
2021-06-04,28129.79583665222
2021-06-07,28064.859779163417
2021-06-08,28108.57281856161
2021-06-09,28146.126819416102
2021-06-10,28100.15042476278
2021-06-11,28162.535922809657
2021-06-14,28082.35498790365
2021-06-15,28172.554775043543
2021-06-16,28196.50150947582
2021-06-17,28106.251798227346
2021-06-18,27656.050177691603
2021-06-21,27894.111113665724
2021-06-22,27834.981356706154
2021-06-23,27741.218546952736
2021-06-24,27977.51064595176
2021-06-28,27847.7542921223
2021-06-29,27984.32594846408
2021-06-30,27871.31083585565
2021-07-01,27945.34886043697
2021-07-02,28087.403120690877
2021-07-05,28321.94365386218
2021-07-06,28185.396912986336
2021-07-07,28605.029114240908
2021-07-08,28173.84510767448
2021-07-09,28643.77394068229
2021-07-12,28952.975371956705
2021-07-13,29100.59885065334
2021-07-14,29140.37291376369
2021-07-15,29095.92856855495
2021-07-16,28957.404342769678
2021-07-19,28670.482553140293
2021-07-20,28761.69480618932
2021-07-21,29560.677922430317
2021-07-22,29713.203931036274
2021-07-23,29945.14980049003
2021-07-26,29941.642979255404
2021-07-27,29662.099407783237
2021-07-28,29680.757038703647
2021-07-29,29780.379749885287
2021-07-30,29697.069482492767
2021-08-02,29763.36499946054
2021-08-03,29777.494050669036
2021-08-04,29727.202798489816
2021-08-05,29738.877168301828
2021-08-06,29540.67028740301
2021-08-09,29661.67247703924
2021-08-10,29948.138472813414
2021-08-11,29835.846481080418
2021-08-12,29819.33609747446
2021-08-13,30014.61839270151
2021-08-16,29758.873618836766
2021-08-17,30134.66684698618
2021-08-18,30366.86433386362
2021-08-19,29741.831739958056
2021-08-20,30165.964980136145
2021-08-23,30434.99423664066
2021-08-24,30264.590901069372
2021-08-25,30445.877758674353
2021-08-26,30187.654209785193
2021-08-27,30349.80094904415
2021-08-30,30471.72602076046
2021-08-31,30196.282134957237
2021-09-01,30216.496568029535
2021-09-02,30506.116298597528
2021-09-03,30227.98528020199
2021-09-06,30362.526411586896
2021-09-07,30223.577957683698
2021-09-08,29644.75311501646
2021-09-09,29765.53845626585
2021-09-10,29806.39997674162
2021-09-13,29640.829318304885
2021-09-14,29684.358992834914
2021-09-15,29640.264291067946
2021-09-16,29893.319699682525
2021-09-17,29628.991182155638
2021-09-20,29507.88036936965
2021-09-21,29547.45637339797
2021-09-22,29628.98532313552
2021-09-23,30098.592264358664
2021-09-24,29816.341936759214
2021-09-27,29484.888895682554
2021-09-28,28725.659171122323
2021-09-29,28688.172057169686
2021-09-30,28839.401869791756
2021-10-01,28624.309767740975
2021-10-04,28246.331854838143
2021-10-05,28720.053221720467
2021-10-06,28324.187819498788
2021-10-07,28995.55152799488
2021-10-08,28665.065978068124
2021-10-11,28561.226958292733
2021-10-12,28958.61976529957
2021-10-13,29507.754134196053
2021-10-14,29914.79751106906
2021-10-15,30207.648623434783
2021-10-18,30184.220805136443
2021-10-19,30487.651568381072
2021-10-20,30524.563103391258
2021-10-21,30907.832222653953
2021-10-22,31123.70849021085
2021-10-25,30869.250737180475
2021-10-26,30954.935727109674
2021-10-27,30621.134663572077
2021-10-28,30820.44343222169
2021-10-29,30732.45948340564
2021-11-01,30860.0248291698
2021-11-02,31074.035380622438
2021-11-03,31094.122942912698
2021-11-04,31239.32213114512
2021-11-05,31177.718760478616
2021-11-08,31221.674432575783
2021-11-09,31160.583535969337
2021-11-10,31185.22163505133
2021-11-11,31363.028756328185
2021-11-12,31447.248887248596
2021-11-15,31355.89096586697
2021-11-16,31545.175664353297
2021-11-17,31723.71359770291
2021-11-18,31692.63936315947
2021-11-19,31863.40624396834
2021-11-22,31988.43738715681
2021-11-23,31703.351602244707
2021-11-24,31562.03428809676
2021-11-25,31706.271787650345
2021-11-26,30469.16450310444
2021-11-29,30706.719938285107
2021-11-30,30101.373762444033
2021-12-01,30371.700560519384
2021-12-02,30045.095847079443
2021-12-03,29879.281868444265
2021-12-06,30376.210208104952
2021-12-07,30601.387271093234
2021-12-08,31192.960570501193
2021-12-09,31946.02183072458
2021-12-10,31658.3486897513
2021-12-13,32076.518893913897
2021-12-14,31849.56626863924
2021-12-15,32105.793722874467
2021-12-16,32572.540480381787
2021-12-17,33035.665076023884
2021-12-20,32910.07383990938
2021-12-21,33370.52191799675
2021-12-22,33360.41001766716
2021-12-23,33700.98189911776
2021-12-27,33758.7877882474
2021-12-28,33971.89583954745
2021-12-29,34050.72105011874
2021-12-30,34137.14773163729
2022-01-03,34172.73005661898
2022-01-04,34030.742732857994
2022-01-05,33924.31765542356
2022-01-07,33849.53362832395
2022-01-10,33557.243166985005
2022-01-11,33864.157340111225
2022-01-12,33787.02206713149
2022-01-13,33845.110480370015
2022-01-14,33790.333273949116
2022-01-17,34388.31431108901
2022-01-18,34534.5701857228
2022-01-19,34892.76039797255
2022-01-20,35230.254675926655
2022-01-21,34721.78630739638
2022-01-24,33490.23090654799
2022-01-25,34192.51426989028
2022-01-26,34493.44087130019
2022-01-27,35534.93847567031
2022-01-28,35491.81626421401
2022-01-31,34795.6304464955
2022-02-01,34825.29285341689
2022-02-02,34877.90825563857
2022-02-03,34226.55800539443
2022-02-04,33941.83904558608
2022-02-07,34004.889945091694
2022-02-08,34094.24726015517
2022-02-09,34394.22784334609
2022-02-10,35451.10908311371
2022-02-11,35131.61147976727
2022-02-14,34696.279829987
2022-02-15,35792.45086455315
2022-02-16,36037.84451079339
2022-02-17,35965.63993620843
2022-02-18,35630.51667189568
2022-02-21,36396.5912797448
2022-02-22,35599.463361501395
2022-02-23,35668.89230132073
2022-02-24,34420.21415495843
2022-02-25,35653.99546599358
2022-02-28,35602.14630293816
2022-03-01,36122.13461470574
2022-03-02,37120.71636366814
2022-03-03,36041.19443678826
2022-03-04,35288.833342731195
2022-03-07,35307.685082706994
2022-03-08,35330.296883854455
2022-03-09,35982.64611938912
2022-03-10,36554.0459835859
2022-03-11,36820.24804810006
2022-03-14,37191.22510084792
2022-03-15,37153.66552508345
2022-03-16,37116.448598508745
2022-03-17,37334.24522195909
2022-03-18,37456.914220677354
2022-03-21,37769.16158865557
2022-03-22,37659.71480240657
2022-03-23,37904.60325302913
2022-03-24,38116.12038101985
2022-03-25,38161.4990812762
2022-03-28,38489.535648964185
2022-03-29,38394.09759812427
2022-03-30,38478.152625328185
2022-03-31,38677.04791188824
2022-04-01,38562.77846456158
2022-04-04,38831.642134910704
2022-04-05,39208.50454640973
2022-04-06,39479.23403422444
2022-04-07,40305.98749796956
2022-04-08,41582.39888255208
2022-04-11,41625.50590769856
2022-04-12,41057.11576335042
2022-04-13,41028.80962626546
2022-04-14,40865.18458048909
2022-04-19,41237.401739380875
2022-04-20,40910.075247071305
2022-04-21,41036.85765476478
2022-04-22,40271.17342014564
2022-04-25,40070.13965117783
2022-04-26,40374.248102563244
2022-04-27,40863.734079736096
2022-04-28,40728.055551904064
2022-04-29,41302.16073073707
2022-05-02,41019.11471022926
2022-05-03,41279.31411208473
2022-05-04,40696.067926781994
2022-05-05,40461.5164436277
2022-05-06,40290.43076552711
2022-05-09,39899.05949630104
2022-05-10,40259.90925826393
2022-05-11,39827.301813500744
2022-05-12,40062.29150217124
2022-05-13,41091.55698984214
2022-05-16,41469.835923125676
2022-05-17,42045.571709563665
2022-05-18,41239.38898556464
2022-05-19,41180.36595012441
2022-05-20,41687.99943401113
2022-05-23,41959.29179240957
2022-05-24,41514.90211345449
2022-05-25,41494.19637920156
2022-05-27,42678.044330204895
2022-05-30,42313.74752396876
2022-05-31,42094.0502406425
2022-06-01,42242.23925126262
2022-06-02,42313.14934518399
2022-06-03,42302.7922788722
2022-06-07,41934.92168866224
2022-06-08,42017.53701458997
2022-06-09,41728.10570202894
2022-06-10,41134.49257336683
2022-06-13,41027.52067242689
2022-06-14,40675.868083028065
2022-06-15,41348.903683614815
2022-06-16,40540.38198561677
2022-06-17,40890.72935957917
2022-06-20,41157.98957533845
2022-06-21,41462.25111098298
2022-06-22,41851.51615426995
2022-06-23,41048.50278791585
2022-06-27,42567.33732160726
2022-06-28,42174.16846358686
2022-06-29,41734.43031641236
2022-06-30,41087.524341070566
2022-07-01,41499.72677945984
2022-07-04,41512.387334878236
2022-07-05,41085.0426617215
2022-07-06,41950.89440732697
2022-07-07,42775.13528847332
2022-07-08,43151.325974325315
2022-07-11,42892.576195577756
2022-07-12,43152.87443623938
2022-07-13,42767.92987680589
2022-07-14,42817.014631749735
2022-07-15,43051.11913156663
2022-07-18,44457.58928537522
2022-07-19,45283.58718729173
2022-07-20,44791.21637550313
2022-07-21,44158.198541826336
2022-07-22,45133.10448884295
2022-07-25,44948.771531478145
2022-07-26,44514.00693644641
2022-07-27,44962.89399088977
2022-07-28,45779.90602766441
2022-07-29,46576.51980225856
2022-08-01,46435.07981545577
2022-08-02,46189.64692340381
2022-08-03,46165.17994342334
2022-08-04,46288.61640582568
2022-08-05,45896.885097842285
2022-08-08,46447.33575854785
2022-08-09,46166.89461932666
2022-08-10,47003.91263232715
2022-08-11,46823.4139598418
2022-08-12,46903.375323765176
2022-08-15,46823.5364184307
2022-08-16,47605.0478573319
2022-08-17,46882.8721509163
2022-08-18,47564.57568412324
2022-08-19,47078.45289441204
2022-08-22,46018.37436505413
2022-08-23,45976.817060671805
2022-08-24,45989.93740674114
2022-08-25,46286.95564099407
2022-08-26,45492.83926220989
2022-08-29,45230.68311164734
2022-08-30,45294.22234610517
2022-08-31,44716.23568228681
2022-09-01,43235.63838461835
2022-09-02,44849.4169223686
2022-09-05,44089.61050299604
2022-09-06,44149.84495428998
2022-09-07,44278.92953067043
2022-09-08,44650.80633120754
2022-09-09,45221.201468994404
2022-09-12,46405.848887970235
2022-09-13,45382.01330799913
2022-09-14,44746.855944470866
2022-09-15,44834.51763422917
2022-09-16,44129.62877867119
2022-09-19,44018.53916380303
2022-09-20,43931.33112547295
2022-09-21,44495.17639372246
2022-09-22,43426.000147079394
2022-09-23,43106.649797653125
2022-09-26,42826.37225553887
2022-09-27,43298.14657804863
2022-09-28,43576.16596274134
2022-09-29,42353.06302695032
2022-09-30,43391.15811209437
2022-10-03,43561.54895071741
2022-10-04,45416.79773764368
2022-10-05,44585.25233000503
2022-10-06,44489.422648608546
2022-10-07,43424.1727172731
2022-10-10,43284.39171174869
2022-10-11,43302.510585344884
2022-10-12,43427.89594606266
2022-10-13,44151.98717927603
2022-10-14,44247.25957529292
2022-10-17,45692.61561624751
2022-10-18,46699.93920175776
2022-10-19,46630.65582315669
2022-10-20,46844.12514536128
2022-10-21,47179.83253519282
2022-10-24,48143.04820178219
2022-10-25,48478.96179507443
2022-10-26,48509.72467993747
2022-10-27,48634.77276610385
2022-10-28,48798.05581664096
2022-10-31,48328.637603750336
2022-11-01,48400.3463592435
2022-11-02,48404.20259856235
2022-11-03,47973.48989837195
2022-11-04,49137.26261680151
2022-11-07,49789.096012827795
2022-11-08,50372.4434047158
2022-11-09,50283.051795523905
2022-11-10,51461.0298953469
2022-11-11,51954.676009882016
2022-11-14,51797.994804132504
2022-11-15,51597.52207193377
2022-11-16,51098.68056497576
2022-11-17,50740.999000644704
2022-11-18,51233.48667241942
2022-11-21,51211.23234655272
2022-11-22,51684.81051732909
2022-11-23,52062.972313898914
2022-11-24,51969.179955500476
2022-11-25,52004.56535436522
2022-11-28,51481.63574342429
2022-11-29,51587.06203225134
2022-11-30,51699.65638497351
2022-12-01,52183.95050493418
2022-12-02,52031.837429677835
2022-12-05,52261.69846788584
2022-12-06,51720.124287282815
2022-12-07,50862.309025441995
2022-12-08,50793.44910875498
2022-12-09,51380.675053274026
2022-12-12,51312.89783922373
2022-12-13,51981.52731767832
2022-12-14,52060.5846830958
2022-12-15,51069.0011081285
2022-12-16,50264.20455154359
2022-12-19,50313.9274769773
2022-12-20,50074.187484373804
2022-12-21,51016.72522317385
2022-12-22,50323.38917867278
2022-12-23,50725.94354573821
2022-12-27,51097.93099347686
2022-12-28,50700.83097020721
2022-12-29,51208.37126651501
2022-12-30,50377.942971164244
2023-01-02,51312.47469227936
2023-01-03,51685.20984846295
2023-01-04,52228.87151533307
2023-01-05,53001.85862928571
2023-01-09,54456.01853376569
2023-01-10,54033.55639704083
2023-01-11,54513.907356818665
2023-01-12,55138.71787434022
2023-01-13,55181.360003756876
2023-01-16,55407.7862547446
2023-01-17,55195.216224532196
2023-01-18,55614.6669691611
2023-01-19,54467.09643540866
2023-01-20,55640.03603349216
2023-01-23,55859.6962660361
2023-01-24,56103.87544236667
2023-01-25,55962.10197434909
2023-01-26,55658.60744043923
2023-01-27,55979.093387464665
2023-01-30,56058.53132006164
2023-01-31,55919.00219947181
2023-02-01,55770.61838752113
2023-02-02,56821.878242791514
2023-02-03,56982.897861580845
2023-02-06,56593.90250216007
2023-02-07,56665.893133263584
2023-02-08,56610.850677590366
2023-02-09,56405.37151918888
2023-02-10,56281.94639215946
2023-02-13,56587.97601628551
2023-02-14,57387.85870439252
2023-02-15,57290.26841241559
2023-02-16,57169.29939729413
2023-02-17,56803.998070542424
2023-02-20,56722.88458629606
2023-02-21,56214.04310116708
2023-02-22,56882.20910725534
2023-02-23,55984.18372998178
2023-02-24,55454.291283463834
2023-02-27,56222.619985602316
2023-02-28,56375.58348668348
2023-03-01,56163.25791451665
2023-03-02,56301.84989449712
2023-03-03,57160.38249489995
2023-03-06,56916.30580254727
2023-03-07,56785.207220488024
2023-03-08,56665.7442633471
2023-03-09,56487.99931821908
2023-03-10,55467.78625396848
2023-03-13,54878.33103469968
2023-03-14,56322.92228607297
2023-03-15,53897.279715577366
2023-03-16,54911.95946792722
2023-03-17,54151.79956677332
2023-03-20,55040.908431419564
2023-03-21,55439.90534151478
2023-03-22,55702.369269737435
2023-03-23,55839.14520586414
2023-03-24,54766.855419109816
2023-03-27,55349.417339275824
2023-03-28,55634.959285686964
2023-03-29,56585.874126385206
2023-03-30,57989.3448013298
2023-03-31,58576.99149523971
2023-04-03,58368.529227971885
2023-04-04,58443.88893069314
2023-04-05,57609.99191226052
2023-04-06,57372.964072599876
2023-04-11,58247.08604373025
2023-04-12,58546.64891437869
2023-04-13,58994.15619282107
2023-04-14,59605.30871204715
2023-04-17,59905.737668400354
2023-04-18,60931.056836493466
2023-04-19,61106.176837373096
2023-04-20,60997.90867941411
2023-04-21,61890.08571951421
2023-04-24,62006.596751233934
2023-04-25,61920.669322034715
2023-04-26,62290.20971204936
2023-04-27,61724.79328443706
2023-04-28,60716.55099775493
2023-05-02,58128.45905367869
2023-05-03,58357.075309910906
2023-05-04,57802.78881041232
2023-05-05,57889.9176022214
2023-05-08,57923.95053936984
2023-05-09,57877.60484945564
2023-05-10,57850.30651724128
2023-05-11,58016.449705717845
2023-05-12,58079.69124782379
2023-05-15,58106.20061672027
2023-05-16,58030.87661922271
2023-05-17,58043.99405086334
2023-05-19,58340.67922312961
2023-05-22,58336.83105044569
2023-05-23,58296.02942996229
2023-05-24,58092.90094332899
2023-05-25,58188.55491976942
2023-05-26,58339.35122256483
2023-05-29,58315.107745697154
2023-05-30,58334.671710540904
2023-05-31,58184.76288180555
2023-06-01,58280.9706836244
2023-06-02,58324.093902705485
2023-06-05,58400.57479870158
2023-06-07,59791.17102062541
2023-06-08,60069.06119549113
2023-06-09,60031.772688223966
2023-06-12,60504.62626068565
2023-06-13,61186.53390494609
2023-06-14,60905.73447409892
2023-06-15,59687.86970511699
2023-06-16,59468.762043717186
2023-06-19,58624.35952310598
2023-06-20,58508.09012465532
2023-06-21,57531.36654524858
2023-06-22,56820.38308959062
2023-06-26,56779.42341094072
2023-06-27,56327.254305410934
2023-06-28,56527.44568877275
2023-06-29,56214.10159839884
2023-06-30,56810.43729149794
2023-07-03,57538.27141329245
2023-07-04,58198.01627108054
2023-07-05,58340.32926843886
2023-07-06,57206.29722116713
2023-07-07,57625.486338537696
2023-07-10,57442.89329807139
2023-07-11,57677.73460666514
2023-07-12,58685.42784015513
2023-07-13,58840.72045795298
2023-07-14,58498.89567482033
2023-07-17,57869.086769705085
2023-07-18,58627.77760994065
2023-07-19,58663.33510670059
2023-07-20,58736.178101390535
2023-07-21,55271.28610309952
2023-07-24,55336.21575752406
2023-07-25,57375.87722195044
2023-07-26,57520.40981472388
2023-07-27,58211.07699466976
2023-07-28,57704.021368754235
2023-07-31,57910.566040285514
2023-08-01,57763.918346551
2023-08-02,56769.25300150578
2023-08-03,56355.141164653796
2023-08-04,57078.50574007908
2023-08-07,56767.423612414714
2023-08-08,56207.767484485026
2023-08-09,56644.58270276994
2023-08-10,56945.436945363705
2023-08-11,56138.15358674229
2023-08-14,55872.09703004063
2023-08-15,55898.446357128036
2023-08-16,56031.82643830479
2023-08-17,56631.260321971786
2023-08-18,56319.47460114659
2023-08-21,56615.44216859044
2023-08-22,57009.76927125157
2023-08-23,57134.37743317784
2023-08-24,56902.32588707982
2023-08-25,57313.99352776586
2023-08-28,57531.696324701894
2023-08-29,58229.18170678197
2023-08-30,59252.05181634008
2023-08-31,59594.96196496068
2023-09-01,59576.94930016576
2023-09-04,59583.99538170873
2023-09-05,59811.715672846425
2023-09-06,60000.88331353246
2023-09-07,59490.21227776586
2023-09-08,58807.39785515844
2023-09-11,59160.20406341565
2023-09-12,58578.07270376182
2023-09-13,58381.54371756471
2023-09-14,59381.975571812756
2023-09-15,60639.77887076295
2023-09-18,60468.67264712818
2023-09-19,59958.81834316777
2023-09-20,60904.687293057905
2023-09-21,60536.16740322636
2023-09-22,60049.14141750859
2023-09-25,60222.65347195195
2023-09-26,59413.65769100712
2023-09-27,59521.897084389464
2023-09-28,59894.306528913105
2023-09-29,60491.64489932131
2023-10-02,59669.57406039309
2023-10-03,58378.84019809442
2023-10-04,58617.87043057524
2023-10-05,59104.26629218139
2023-10-06,59899.61310333624
2023-10-09,59211.977619571175
2023-10-10,61015.22927262083
2023-10-11,60556.27538468138
2023-10-12,61067.14853589846
2023-10-13,60127.29755699898
2023-10-16,60212.492240172505
2023-10-17,59647.31113360512
2023-10-18,58667.266638976216
2023-10-19,58091.2064297329
2023-10-20,56089.05908290597
2023-10-23,56211.43842224465
2023-10-24,56814.38664856592
2023-10-25,56953.02422539072
2023-10-26,56468.300134144556
2023-10-27,55839.38285257819
2023-10-30,56493.91617895838
2023-10-31,56567.32570959803
2023-11-01,56481.83720709559
2023-11-02,57611.73394418952
2023-11-03,57778.031269323794
2023-11-06,58225.10913837504
2023-11-07,57572.790893299694
2023-11-08,57507.6122607358
2023-11-09,58159.264423246364
2023-11-10,57332.77026110624
2023-11-13,57726.87665651001
2023-11-14,59192.7509213953
2023-11-15,59402.73010840702
2023-11-16,58622.796969129675
2023-11-17,59230.84474439823
2023-11-20,59492.89578504764
2023-11-21,59010.105799390905
2023-11-22,59352.645344782
2023-11-23,59652.64467273374
2023-11-24,59755.9549349484
2023-11-27,59535.46850001188
2023-11-28,58749.39762293668
2023-11-29,59303.47612350393
2023-11-30,59166.46377122427
2023-12-01,59692.738582015285
2023-12-04,59769.24859178091
2023-12-05,60604.861934066066
2023-12-06,61585.351390242824
2023-12-07,61176.46924912954
2023-12-08,61549.29531419302
2023-12-11,62384.90682542349
2023-12-12,62061.18899095083
2023-12-13,62055.109843611965
2023-12-14,63851.52248704458
2023-12-15,64428.12441161064
2023-12-18,64015.9972280532
2023-12-19,64383.26145696903
2023-12-20,64372.299100401644
2023-12-21,63423.432706358675
2023-12-22,63653.22961187625
2023-12-27,63868.44943801273
2023-12-28,63857.200155175815
2023-12-29,63806.65445370632
2024-01-02,63879.74479807309
2024-01-03,63044.81716085111
2024-01-04,63151.06181295735
2024-01-05,62563.19781454426
2024-01-08,62966.29732187487
2024-01-09,63115.88669498282
2024-01-10,63208.87351138907
2024-01-11,63234.433882788
2024-01-12,63628.46348637251
2024-01-15,63160.416851698435
2024-01-16,62964.64738173572
2024-01-17,62323.83581252185
2024-01-18,63071.78978252922
2024-01-19,62431.995999584535
2024-01-22,63049.016442547174
2024-01-23,63578.2320835689
2024-01-24,64006.65397943346
2024-01-25,64216.10809886647
2024-01-26,64241.4363154192
2024-01-29,64081.07652686479
2024-01-30,64506.66215705423
2024-01-31,64328.17729377298
2024-02-01,65016.58387183694
2024-02-02,65607.11505990056
2024-02-05,65008.36173317873
2024-02-06,65728.856323938
2024-02-07,65779.05046938917
2024-02-08,65254.04981895516
2024-02-09,65266.68184562752
2024-02-12,65216.800339661335
2024-02-13,65269.61718269417
2024-02-14,65425.513485205476
2024-02-15,65960.9744414199
2024-02-16,66076.90131558066
2024-02-19,66523.5630134972
2024-02-20,66711.76757854542
2024-02-21,66408.11703342518
2024-02-22,66080.4278396996
2024-02-23,66864.9811863335
2024-02-26,66941.87336437588
2024-02-27,67309.11623089199
2024-02-28,67237.83592312221
2024-02-29,67158.9130894159
2024-03-01,67199.50787319886
2024-03-04,66960.69740452516
2024-03-05,66902.26449117206
2024-03-06,67187.4545851662
2024-03-07,67451.9016139913
2024-03-08,67555.8733718801
2024-03-11,67770.47422293905
2024-03-12,68321.63110090229
2024-03-13,68616.23284841511
2024-03-14,68830.4336044881
2024-03-15,68845.06055379841
2024-03-18,68373.24931837055
2024-03-19,68136.79179693195
2024-03-20,67938.69936820728
2024-03-21,69123.28858923023
2024-03-22,69730.79006589878
2024-03-25,70086.53650817966
2024-03-26,70516.42540480004
2024-03-27,70896.3770573269
2024-03-28,70733.25590254174
2024-04-02,70465.20228532047
2024-04-03,70988.1875834772
2024-04-04,71107.68293717594
2024-04-05,70767.23924014543
2024-04-08,70948.98331785663
2024-04-09,70715.22831371761
2024-04-10,70684.87947722308
2024-04-11,69749.00672026507
2024-04-12,69765.45049398657
2024-04-15,70186.34893148657
2024-04-16,68921.3753978562
2024-04-17,69432.87406538817
2024-04-18,69558.16593550536
2024-04-19,69425.0410041699
2024-04-22,70193.54196715202
2024-04-23,71173.41569304313
2024-04-24,70994.14508557145
2024-04-25,69966.60240521684
2024-04-26,71222.27559290844
2024-04-29,72090.74264431836
2024-04-30,72175.35281951315
2024-05-02,71810.6190599333
2024-05-03,71799.10035812396
2024-05-06,72199.47205078143
2024-05-07,72479.32787734205
2024-05-08,73045.58470470365
2024-05-10,73501.09313518461
2024-05-13,73485.37360355971
2024-05-14,73747.81608878066
2024-05-15,73400.01958571364
2024-05-16,72817.66211424758
2024-05-17,72491.87013535062
2024-05-20,73952.09115312803
2024-05-21,74111.84336946714
2024-05-22,73634.80657903169
2024-05-23,73567.84541646455
2024-05-24,73200.48718205903
2024-05-27,73237.60496465181
2024-05-28,73010.37473524672
2024-05-29,71884.59798018799
2024-05-30,72337.71303313781
2024-05-31,72717.86125189274
2024-06-03,72603.98580175846
2024-06-04,72341.51195428497
2024-06-05,72379.44185093688
2024-06-07,72528.57374508846
2024-06-10,72141.08117336352
2024-06-11,71247.60321849902
2024-06-12,71788.78164905627
2024-06-13,72085.64446148601
2024-06-14,71437.10361071545
2024-06-17,71273.81990977246
2024-06-18,71449.86601229626
2024-06-19,71623.63562449877
2024-06-20,72471.24512538378
2024-06-24,73404.17306003039
2024-06-25,72574.56465754609
2024-06-26,72419.93961558442
2024-06-27,72866.68755948011
2024-06-28,73389.41290890638
2024-07-01,73602.47730099622
2024-07-02,72371.22375714246
2024-07-03,72660.73977124158
2024-07-04,73148.73788296644
2024-07-05,72304.15976178113
2024-07-08,72280.23037564222
2024-07-09,71840.01946208092
2024-07-10,72131.18866052097
2024-07-11,72275.70900811619
2024-07-12,74161.08146807863
2024-07-15,73028.26594374559
2024-07-16,73580.73067305467
2024-07-17,73167.61926100633
2024-07-18,73723.29367278001
2024-07-19,72599.14813459717
2024-07-22,73324.60405110639
2024-07-23,72596.42973470014
2024-07-24,71826.69590410822
2024-07-25,72030.12861348523
2024-07-26,70500.76163960827
2024-07-29,70357.18000289967
2024-07-30,70413.15568940861
2024-07-31,70599.4020730756
2024-08-01,69473.52405946476
2024-08-02,68416.07742707951
2024-08-05,67483.94047181828
2024-08-06,67044.75076387542
2024-08-07,67325.4177789511
2024-08-08,67236.27671632971
2024-08-09,67039.71005385938
2024-08-12,67100.87576358956
2024-08-13,67143.5193808833
2024-08-14,67642.09688027295
2024-08-15,68221.87898476514
2024-08-16,68410.99872048291
2024-08-19,68408.31094515232
2024-08-20,68111.68623506931
2024-08-21,67953.76048266326
2024-08-22,67820.14511095916
2024-08-23,68450.54339587127
2024-08-26,68199.4200640649
2024-08-27,68113.84092435543
2024-08-28,68010.5171841428
2024-08-29,68947.89447296115
2024-08-30,69719.0192669675
2024-09-02,69404.5474499509
2024-09-03,68585.64922776763
2024-09-04,67464.01001007098
2024-09-05,67841.77888248874
2024-09-06,67261.20669315768
2024-09-09,67725.37528670367
2024-09-10,67960.71130408175
2024-09-11,67977.7950065788
2024-09-12,68517.14051583024
2024-09-13,68864.76197867996
2024-09-16,68954.11425834305
2024-09-17,69056.12043052322
2024-09-18,68754.35480789609
2024-09-19,70042.90713028378
2024-09-20,69283.53832535214
2024-09-23,69450.5970992724
2024-09-24,69604.2786751364
2024-09-25,69919.21247530938
2024-09-26,70783.23191031947
2024-09-27,70605.54507759467
2024-09-30,70418.46352699652
2024-10-01,69959.41351471008
2024-10-02,69906.19881210387
2024-10-03,69825.91762265435
2024-10-04,70336.69555196038
2024-10-07,69896.17684468499
2024-10-08,69106.28672894707
2024-10-09,69451.0026522564
2024-10-10,68602.64185818902
2024-10-11,68871.50741042578
2024-10-14,68636.34326081035
2024-10-15,67740.02987198588
2024-10-16,67316.20351421031
2024-10-17,67185.36841594371
2024-10-18,67689.6499244901
2024-10-21,67167.66671678747
2024-10-22,67470.33754656042
2024-10-23,67801.97816011633
2024-10-24,67229.71263255141
2024-10-25,69977.65780009291
2024-10-28,69744.33870654136
2024-10-29,69383.08360958665
2024-10-30,68382.64569759935
2024-10-31,67957.4546139414
2024-11-01,68023.78307463476
2024-11-04,68370.57262541601
2024-11-05,68570.3852780039
2024-11-06,67843.25389983007
2024-11-07,68607.59466006985
2024-11-08,67928.90865080006
2024-11-11,68158.0988153661
2024-11-12,67292.50220226232
2024-11-13,67050.48576023313
2024-11-14,67639.38728673123
2024-11-15,67142.41233594083
2024-11-18,67149.44968945645
2024-11-19,66980.5589175906
2024-11-20,67181.0979285922
2024-11-21,67237.61537129544
2024-11-22,67955.12580639981
2024-11-25,68074.48713261746
2024-11-26,67797.3566634033
2024-11-27,67973.34169900359
2024-11-28,68350.9850419754
2024-11-29,68398.68864234549
2024-12-02,69002.4911525813
2024-12-03,69566.56221445315
2024-12-04,69640.44721277468
2024-12-05,69837.14279802554
2024-12-06,70217.5632847494
2024-12-09,70195.23915564478
2024-12-10,69737.73408972682
2024-12-11,69339.69191649408
2024-12-12,68830.31342965516
2024-12-13,68727.69123727235
2024-12-16,68396.04966717128
2024-12-17,67950.1204240835
2024-12-18,68161.50469379786
2024-12-19,66960.23525356884
2024-12-20,66000.3438677741
2024-12-23,66056.20778989326
2024-12-27,66896.78706311714
2024-12-30,67058.71968411934
2025-01-02,67705.33804741123
2025-01-03,67717.7475533638
2025-01-07,68694.00952388383
2025-01-08,68402.63881177916
2025-01-09,68561.24578733458
2025-01-10,68191.7280413629
2025-01-13,67778.98815031066
2025-01-14,67573.21281309142
2025-01-15,68618.54709501281
2025-01-16,69262.13276828856
2025-01-17,70034.65198396375
2025-01-20,70033.2806833883
2025-01-21,71003.81127553231
2025-01-22,70855.37388615853
2025-01-23,71199.78243469258
2025-01-24,71503.69471823654
2025-01-27,71214.25416996627
2025-01-28,71054.07090428023
2025-01-29,71228.91080525069
2025-01-30,71437.81426445479
2025-01-31,73170.47547737593
2025-02-03,72957.8339015555
2025-02-04,73077.60202374376
2025-02-05,72726.29609309221
2025-02-06,73337.2556458571
2025-02-07,72759.43014155413
2025-02-10,73350.41947814004
2025-02-11,73523.23689528482
2025-02-12,74038.61738863909
2025-02-13,74902.146346781
2025-02-14,74940.2005952841
2025-02-17,75962.33686771452
2025-02-18,76124.39503304045
2025-02-19,75068.42581764738
2025-02-20,75160.9598561911
2025-02-21,75488.20325251974
2025-02-24,75407.80623027243
2025-02-25,75873.59541250215
2025-02-26,76876.60179573267
2025-02-27,75675.92391645486
2025-02-28,75817.15954907441
2025-03-03,76316.91515286469
2025-03-04,72867.40809186005
2025-03-05,74738.53192819533
2025-03-06,74878.92404474196
2025-03-07,74504.81205540975
2025-03-10,73158.15873509725
2025-03-11,71610.73842512167
2025-03-12,72329.4669025997
2025-03-13,71623.01504789389
2025-03-14,72872.77425275839
2025-03-17,72957.90111051596
2025-03-18,73279.02844892538
2025-03-19,73114.38337980307
2025-03-20,73137.22857088324
2025-03-21,72066.27443498846
2025-03-24,72611.71013445135
2025-03-25,72508.97028917547
2025-03-26,71401.66045392459
2025-03-27,70839.67351888756
2025-03-28,70157.211971036
2025-03-31,68800.72133230309
2025-04-01,69608.69012494947
2025-04-02,68994.28560300733
2025-04-03,65675.5900463667
2025-04-04,61299.2922062483
2025-04-07,57884.65486135828
2025-04-08,58919.209043817726
2025-04-09,56585.56835778257
2025-04-10,59804.42160256406
2025-04-11,60054.837282495704
2025-04-14,61811.65856392881
2025-04-15,62924.579035120216
2025-04-16,62034.52770907203
2025-04-17,61203.04874331275
2025-04-22,61809.61422640601
2025-04-23,63541.82265155672
2025-04-24,63717.704282243954
2025-04-25,64253.04132381046
2025-04-28,64652.66922204212
2025-04-29,64399.443484194446
2025-04-30,65594.47603500621
2025-05-02,66189.9288929774
2025-05-05,66401.30948410541
2025-05-06,65661.6241012624
2025-05-07,65642.14270172626
2025-05-08,65622.1050881077
2025-05-09,65814.0971306492
2025-05-12,67182.3425892808
2025-05-13,66808.77025069325
2025-05-14,66497.7824462562
2025-05-15,66954.88366924814
2025-05-16,66723.12461697153
2025-05-19,66756.7585929542
2025-05-20,67289.62805211145
2025-05-21,67247.27505917086
2025-05-22,66021.27494854464
2025-05-23,65563.96331126608
2025-05-26,66445.1820307485
2025-05-27,66443.12259984836
2025-05-28,66080.02769756266
2025-05-30,65800.66039943644
2025-06-02,64657.767397880045
2025-06-03,64573.62164211222
2025-06-04,65002.77609719939
2025-06-05,65103.627949616384
2025-06-09,65066.65857400603
2025-06-10,65782.57227548378
2025-06-11,65359.54837843978
2025-06-12,64939.3272289952
2025-06-13,64329.18526503646
2025-06-16,64971.50133971596
2025-06-17,63679.3042824308
2025-06-18,63631.030043844374
2025-06-19,63002.2126228849
2025-06-23,62975.054748621405
2025-06-24,63871.231521692695
2025-06-25,63262.62486275715
2025-06-26,64177.70546731037
2025-06-27,65913.70243462604
2025-06-30,65210.29320907219
2025-07-01,65461.098068233565
2025-07-02,67343.42171096428
2025-07-03,66451.54676611767
2025-07-04,65456.74187565074
2025-07-07,65189.87484451885
2025-07-08,66158.55505463236
2025-07-09,66264.19053852474
2025-07-10,67739.00578510677
2025-07-11,67033.39532291805
2025-07-14,66393.32734653336
2025-07-15,66540.91533174628
2025-07-16,66276.31534471625
2025-07-17,66208.98761263007
2025-07-18,65798.3058463249
2025-07-21,67264.71457206343
2025-07-22,67749.52340390821
2025-07-23,69923.92328885286
2025-07-24,70485.27963116854
2025-07-25,70510.23745476002
2025-07-28,70070.63937126393
2025-07-29,69594.69030940803
2025-07-30,70554.13151300068
2025-07-31,69937.99308145161
2025-08-01,68889.09651992786
2025-08-04,69349.88483433338
2025-08-05,69437.49425129505
2025-08-06,69593.50244526478
2025-08-07,70129.12458431532
2025-08-08,70653.53571331312
2025-08-11,70056.96499611098
2025-08-12,70765.54286552627
2025-08-13,70190.08444759915
2025-08-14,70228.13285992215
2025-08-15,70935.03331878051
2025-08-18,69861.47509505614
2025-08-19,71478.2314388977
2025-08-20,71356.42698531493
2025-08-21,71155.3116555725
2025-08-22,72698.98703627929
2025-08-25,72331.15224700316
2025-08-26,71945.701165765
2025-08-27,71825.49027404137
2025-08-28,71984.76092564038
2025-08-29,71532.32865940503
2025-09-01,71422.20576057026
2025-09-02,70126.93089637348
2025-09-03,71592.89759788105
2025-09-04,71050.54499020161
2025-09-05,72089.17896890949
2025-09-08,72423.48826456378
2025-09-09,72320.76114893268
2025-09-10,72111.04754495929
2025-09-11,72049.53030252765
2025-09-12,72026.52217722248
2025-09-15,72423.8840355904
2025-09-16,72246.28924826573
2025-09-17,72136.6946404636
2025-09-18,72523.59042307064
2025-09-19,72957.40457869068
2025-09-22,73269.98474836841
2025-09-23,74133.79958037463
2025-09-24,73745.80325434677
2025-09-25,72553.0010491029
2025-09-26,73325.70048147594
2025-09-29,73951.53681951915
2025-09-30,73821.29678732311
2025-10-01,74133.08509832775
2025-10-02,74647.28660449848
2025-10-03,75494.62230548725
2025-10-06,76026.57364498667
2025-10-07,75511.38616024546
2025-10-08,76074.17706978881
2025-10-09,76459.42428124511
2025-10-10,75148.60813335568
2025-10-13,75098.24917415768
2025-10-14,75223.67308620602
2025-10-15,75451.9020595947
2025-10-16,75276.35605955444
2025-10-17,74420.94364922485
2025-10-20,75011.42769997558
2025-10-21,75460.80961602172
2025-10-22,75137.07398217163
2025-10-23,75034.5231466871
2025-10-24,76056.0160437208
2025-10-27,76105.27364259775
2025-10-28,75487.47099977548
2025-10-29,75227.3563313354
2025-10-30,74917.54751251826
2025-10-31,75451.57646059587
2025-11-03,75179.33784365251
2025-11-04,75127.55223803237
2025-11-05,74695.45464281752
2025-11-06,74241.28004606657
2025-11-07,74432.54462202483
2025-11-10,75272.5259681552
2025-11-11,75658.7438712924
2025-11-12,76024.88318022185
2025-11-13,75518.05151621866
2025-11-14,74827.78166834879
2025-11-17,73651.79210154581
2025-11-18,72062.07323138285
2025-11-19,72583.45280478592
2025-11-20,72666.76252196427
2025-11-21,72887.15217612381
2025-11-24,73698.3322984993
2025-11-25,73944.25491736527
2025-11-26,74491.33364890213
2025-11-27,74827.18436072464
2025-11-28,74276.08043747292
2025-12-01,74407.02867966042
2025-12-02,74564.1103534845
2025-12-03,74441.27904321229
2025-12-04,75162.97328954247
2025-12-05,75476.61343770531
2025-12-08,75236.85280614403
2025-12-09,74907.06314855126
2025-12-10,75027.17757993015
2025-12-11,75706.88684277805
2025-12-12,75786.24579332807
2025-12-15,75900.7232368588
2025-12-16,75236.5344894528
2025-12-17,74893.39969880597
2025-12-18,74868.50184588677
2025-12-19,74680.55064783334
2025-12-22,74530.7213288331
2025-12-23,74440.73285303354
2025-12-29,75137.51098261117
2025-12-30,75464.57063684701
2026-01-02,74723.00970813232
2026-01-05,74030.51994725718
2026-01-07,74836.86133214488
2026-01-08,73587.10433950744
2026-01-09,74546.10572042785
2026-01-12,74451.64702215514
2026-01-13,73908.3769873651
2026-01-14,72149.92420187316
2026-01-15,73218.46689977965
2026-01-16,72634.83357992492
2026-01-19,71128.98588552795
2026-01-20,71278.3611351933
2026-01-21,70770.75084466596
2026-01-22,71334.83136911054
2026-01-23,71143.19059911091
2026-01-26,70949.13810124714
2026-01-27,70568.99931111652
2026-01-28,70827.34052052815
2026-01-29,70250.6486183675
2026-01-30,69568.2182289632
2026-02-02,68763.1889435323
2026-02-03,67989.00036397297
2026-02-04,70422.06831517536
2026-02-05,67973.51894917805
